{"cameraMode":{"drawMode":0,"name":"Shaded","section":"Shading Mode"},"sceneLighting":true,"audioPlay":false,"sceneViewState":{"showFog":true,"showMaterialUpdate":true,"showSkybox":true,"showFlares":true,"showImageEffects":true,"showParticleSystems":true},"in2DMode":false,"pivot":{"x":0.4790000319480896,"y":1.652999997138977,"z":0.48500001430511477},"rotation":{"x":-0.1532241553068161,"y":0.8273658752441406,"z":-0.27125510573387148,"w":-0.46736738085746767},"size":10.259536743164063,"orthographic":false}